club,season,opponent,source_url,published_at,relation_type,fact_type,subject,value,confidence,score,match_date,notes
Tempo Rzeszotary,2012/13,Wicher Stróża,https://www.sportowetempo.pl/pn_malopolska_a_klasa_myslenice_13/artykul/35724_Wicher_niestraszny_Tempu,2013-05-04,post_match,brace_scorer,,Artur Tylek,0.99,3:1,2013-05-04,Artur Tylek zdobył dwie pierwsze bramki Tempa w 20 i 52 minucie
Tempo Rzeszotary,2012/13,Wicher Stróża,https://www.sportowetempo.pl/pn_malopolska_a_klasa_myslenice_13/artykul/35724_Wicher_niestraszny_Tempu,2013-05-04,post_match,header_scorer,,Dionys Bitka,0.99,3:1,2013-05-04,Dionys Bitka zdobył bramkę głową na 3:0 w 58 minucie
Tempo Rzeszotary,2012/13,Wicher Stróża,https://www.sportowetempo.pl/pn_malopolska_a_klasa_myslenice_13/artykul/35724_Wicher_niestraszny_Tempu,2013-05-04,post_match,assist,Artur Tylek,Dionys Bitka,0.98,3:1,2013-05-04,Dionys Bitka dograł wzdłuż bramki przy pierwszym golu Artura Tylka
Tempo Rzeszotary,2012/13,Wicher Stróża,https://www.sportowetempo.pl/pn_malopolska_a_klasa_myslenice_13/artykul/35724_Wicher_niestraszny_Tempu,2013-05-04,post_match,attendance,,100,0.99,3:1,2013-05-04,Relacja podaje 100 widzów
Tempo Rzeszotary,2012/13,Krakus Swoszowice (Kraków),https://www.sportowetempo.pl/pn_malopolska_a_klasa_myslenice_13/artykul/35939_Tempo_zastopowalo_Krakusa,2013-05-19,post_match,penalty_scorer,,Łukasz Matoga,0.99,4:0,2013-05-18,Łukasz Matoga wykorzystał rzut karny na 1:0 w 35 minucie
Tempo Rzeszotary,2012/13,Krakus Swoszowice (Kraków),https://www.sportowetempo.pl/pn_malopolska_a_klasa_myslenice_13/artykul/35939_Tempo_zastopowalo_Krakusa,2013-05-19,post_match,captain,,Łukasz Matoga,0.99,4:0,2013-05-18,Relacja wskazuje Łukasza Matogę jako kapitana Tempa
Tempo Rzeszotary,2012/13,Krakus Swoszowice (Kraków),https://www.sportowetempo.pl/pn_malopolska_a_klasa_myslenice_13/artykul/35939_Tempo_zastopowalo_Krakusa,2013-05-19,post_match,brace_scorer,,Łukasz Kotaś,0.99,4:0,2013-05-18,Łukasz Kotaś zdobył dwie bramki w 52 i 86 minucie
Tempo Rzeszotary,2012/13,Krakus Swoszowice (Kraków),https://www.sportowetempo.pl/pn_malopolska_a_klasa_myslenice_13/artykul/35939_Tempo_zastopowalo_Krakusa,2013-05-19,post_match,header_scorer,,Łukasz Kotaś,0.99,4:0,2013-05-18,Łukasz Kotaś zdobył ostatnią bramkę niekonwencjonalnym uderzeniem głową z około 16 metrów
Tempo Rzeszotary,2012/13,Krakus Swoszowice (Kraków),https://www.sportowetempo.pl/pn_malopolska_a_klasa_myslenice_13/artykul/35939_Tempo_zastopowalo_Krakusa,2013-05-19,post_match,attendance,,100,0.99,4:0,2013-05-18,Relacja podaje 100 widzów
